<assembly>
	<id>bin</id>
	<formats>
		<format>zip</format>
		<!--<format>tar.gz</format>-->
	</formats>
	<fileSets>
		<fileSet>
			<directory>.</directory>
			<outputDirectory>/</outputDirectory>
			<includes>
				<include>LICENSE.*</include>
				<include>README.*</include>
			</includes>
		</fileSet>
		<fileSet>
			<directory>server/src/main/conf</directory>
			<outputDirectory>conf</outputDirectory>
		</fileSet>
		<fileSet>
			<directory>server/target/classes</directory>
			<outputDirectory>conf</outputDirectory>
			<includes>
				<include>*.xml</include>
				<include>*.properties</include>
				<include>*.cert</include>
			</includes>
		</fileSet>
		<fileSet>
			<directory>server/target</directory>
			<outputDirectory>lib</outputDirectory>
			<includes>
				<include>*.jar</include>
			</includes>
		</fileSet>
		<fileSet>
			<directory>starter/target</directory>
			<outputDirectory>lib</outputDirectory>
			<includes>
				<include>*.jar</include>
			</includes>
		</fileSet>
		<fileSet>
			<directory>console/target/console</directory>
			<outputDirectory>console</outputDirectory>
			<excludes>
				<exclude>**/*.jar</exclude>
				<!--<exclude>**/*.jsp</exclude>-->
			</excludes>
		</fileSet>
		<fileSet>
			<directory>server/src/main/bin</directory>
			<outputDirectory>bin</outputDirectory>
			<fileMode>0755</fileMode>
			<lineEnding>dos</lineEnding>
			<includes>
				<include>*.bat</include>
			</includes>
		</fileSet>
		<fileSet>
			<directory>server/src/main/bin</directory>
			<outputDirectory>bin</outputDirectory>
			<fileMode>0755</fileMode>
			<lineEnding>unix</lineEnding>
			<includes>
				<include>*.sh</include>
			</includes>
		</fileSet>
		<!--
			<fileSet> <directory>server/src/main/logs</directory>
			<outputDirectory>logs</outputDirectory> <includes>
			<include>*.log</include> </includes> </fileSet>
		-->
	</fileSets>
	<dependencySets>
		<dependencySet>
			<outputDirectory>lib</outputDirectory>
			<unpack>false</unpack>
			<scope>runtime</scope>
			<!--
			<excludes>
				<exclude>junit:junit</exclude>
			</excludes>
			-->
		</dependencySet>
	</dependencySets>
</assembly>